Cours,Ordre cours,Nom du mouvement,GIF,Difficulté,Famille,Type 1,Type 2,Type 3,Type 4,Position départ,Position arrivée,Nombre de temps,Déplacement,Remarques,Timmy,fichier GIF,Url CloudFlare R2 gifs,URL clouflare R2
,,,,,,,,,,,,,,,,,,
Cours 1 : Dynamique de base,,Cours 1 : Dynamique de base,,,,,,,,,,,,,,,,
Cours 1 : Dynamique de base,1,Avant arrière mains parallèles,x,1,Base,Pas de base,,,,Mains //,Mains //,4,Ligne fille,,,1 Avant arrière mains parallèles.gif,https://pub-e9db5024dff64a89897b25c9ea2a0d59.r2.dev/1 Avant arrière mains parallèles.gif,https://pub-e9db5024dff64a89897b25c9ea2a0d59.r2.dev/1 Avant arrière mains parallèles.gif
Cours 1 : Dynamique de base,2,Avant-Arrière MG-MD,x,1,Base,Pas de base,,,,MG/MD,MG/MD,4,Ligne fille,,,2 Avant arrière MG-MD.gif,https://pub-e9db5024dff64a89897b25c9ea2a0d59.r2.dev/2 Avant arrière MG-MD.gif,https://pub-e9db5024dff64a89897b25c9ea2a0d59.r2.dev/2 Avant arrière MG-MD.gif
Cours 1 : Dynamique de base,3,Traversée à droite,x,1,Base,Traversée,,,,MG/MD,MG/MD,4,Ligne fille,,,3 Traversée à droite.gif,https://pub-e9db5024dff64a89897b25c9ea2a0d59.r2.dev/3 Traversée à droite.gif,https://pub-e9db5024dff64a89897b25c9ea2a0d59.r2.dev/3 Traversée à droite.gif
Cours 1 : Dynamique de base,4,Traversée à gauche,x,1,Base,Traversée,,,,MG/MD,MG/MD,4,Ligne fille,,,4 Traversée à gauche.gif,https://pub-e9db5024dff64a89897b25c9ea2a0d59.r2.dev/4 Traversée à gauche.gif,https://pub-e9db5024dff64a89897b25c9ea2a0d59.r2.dev/4 Traversée à gauche.gif
,,,,,,,,,,,,,,,,,,
Cours 2 : Tours et traversées,,Cours 2 : Tours et traversées,,,,,,,,,,,,,,,,
Cours 2 : Tours et traversées,5,Tour intérieur,x,1,Base,Pas de base,,,,MG/MD,MG/MD,4,Ligne fille,,,5 Tour intérieur.gif,https://pub-e9db5024dff64a89897b25c9ea2a0d59.r2.dev/5 Tour intérieur.gif,https://pub-e9db5024dff64a89897b25c9ea2a0d59.r2.dev/5 Tour intérieur.gif
Cours 2 : Tours et traversées,6,Tour extérieur,x,1,Base,Pas de base,,,,MG/MD,MG/MD,4,Ligne fille,,,6 Tour extérieur.gif,https://pub-e9db5024dff64a89897b25c9ea2a0d59.r2.dev/6 Tour extérieur.gif,https://pub-e9db5024dff64a89897b25c9ea2a0d59.r2.dev/6 Tour extérieur.gif
Cours 2 : Tours et traversées,7,Traversée tour intérieur à droite,x,1,Base,Traversée,,,,MG/MD,MG/MD,4,Ligne fille,,Jamais en rock, mais "Under arm" en Wcs,7 Traversée tour intérieur à droite.gif,https://pub-e9db5024dff64a89897b25c9ea2a0d59.r2.dev/7 Traversée tour intérieur à droite.gif,https://pub-e9db5024dff64a89897b25c9ea2a0d59.r2.dev/7 Traversée tour intérieur à droite.gif
Cours 2 : Tours et traversées,8,Traversée tour extérieur à droite,x,2,Base,Traversée,,,,MG/MD,MG/MD,4,Ligne fille,,Idem 7,8 Traversée tour extérieur à droite.gif,https://pub-e9db5024dff64a89897b25c9ea2a0d59.r2.dev/8 Traversée tour extérieur à droite.gif,https://pub-e9db5024dff64a89897b25c9ea2a0d59.r2.dev/8 Traversée tour extérieur à droite.gif
Cours 2 : Tours et traversées,9,Barrage,x,1,Barrage,Traversée,Tour libre,,,MG/MD,MG/MD,4,Ligne fille,,,9 Barrage.gif,https://pub-e9db5024dff64a89897b25c9ea2a0d59.r2.dev/9 Barrage.gif,https://pub-e9db5024dff64a89897b25c9ea2a0d59.r2.dev/9 Barrage.gif
Cours 2 : Tours et traversées,10,Couple sortie sous le bras,x,1,Base,Couple,,,,MG/MD,MG/MD,8,Cercle,,,10 Couple sortie sous le bras.gif,https://pub-e9db5024dff64a89897b25c9ea2a0d59.r2.dev/10 Couple sortie sous le bras.gif,https://pub-e9db5024dff64a89897b25c9ea2a0d59.r2.dev/10 Couple sortie sous le bras.gif
Cours 2 : Tours et traversées,11,Couple sortie relâchée,x,1,Base,Couple,,,,MG/MD,MG/MD,8,Cercle,,Jamais vu appliqué chez nous...,11 Couple sortie relâchée.gif,https://pub-e9db5024dff64a89897b25c9ea2a0d59.r2.dev/11 Couple sortie relâchée.gif,https://pub-e9db5024dff64a89897b25c9ea2a0d59.r2.dev/11 Couple sortie relâchée.gif
,,,,,,,,,,,,,,,,,,
Cours 3 : Positions ,,Cours 3 : Positions ,,,,,,,,,,,,,,,,
Cours 3 : Positions ,12,Trois tapes et tour cavalière,x,1,3 tapes,Tour libre,feinte,,,MG/MD,MD/MD,12,Ligne fille,,En rock 6 temps "American spin" rarement en 4T,12 Trois tapes et tour cavalière.gif,https://pub-e9db5024dff64a89897b25c9ea2a0d59.r2.dev/12 Trois tapes et tour cavalière.gif,https://pub-e9db5024dff64a89897b25c9ea2a0d59.r2.dev/12 Trois tapes et tour cavalière.gif
Cours 3 : Positions ,13,Trois tapes les deux tournent,x,2,3 tapes,Tour libre,,,,MG/MD,MD/MD,12,Ligne fille,,Idem 12,13 Trois tapes les deux tournent.gif,https://pub-e9db5024dff64a89897b25c9ea2a0d59.r2.dev/13 Trois tapes les deux tournent.gif,https://pub-e9db5024dff64a89897b25c9ea2a0d59.r2.dev/13 Trois tapes les deux tournent.gif
Cours 3 : Positions ,14,Mise en corbeille,x,1,Base,Corbeille,,,,MG/MD,Corbeille,4,Ligne garçon,,,14 Mise en corbeille.gif,https://pub-e9db5024dff64a89897b25c9ea2a0d59.r2.dev/14 Mise en corbeille.gif,https://pub-e9db5024dff64a89897b25c9ea2a0d59.r2.dev/14 Mise en corbeille.gif
Cours 3 : Positions ,15,Mise en panier,x,1,Base,Panier,,,,MD/MD,Panier,4,Ligne garçon,,,15 Mise en panier.gif,https://pub-e9db5024dff64a89897b25c9ea2a0d59.r2.dev/15 Mise en panier.gif,https://pub-e9db5024dff64a89897b25c9ea2a0d59.r2.dev/15 Mise en panier.gif
Cours 3 : Positions ,16,Mise en berceau,x,1,Base,Berceau,,,,MD/MD,Berceau,4,Ligne garçon,,,16 Mise en berceau.gif,https://pub-e9db5024dff64a89897b25c9ea2a0d59.r2.dev/16 Mise en berceau.gif,https://pub-e9db5024dff64a89897b25c9ea2a0d59.r2.dev/16 Mise en berceau.gif
,,,,,,,,,,,,,,,,,,
Cours 4 : Balades,,Cours 4 : Balades,,,,,,,,,,,,,,,,
Cours 4 : Balades,17,Balade panier ligne fille,x,1,Balade,Panier,,,,Panier,Mains croisées,16,Ligne fille,,Déja vu un équivalent en west, jamais vu en rock,17 Balade panier ligne fille.gif,https://pub-e9db5024dff64a89897b25c9ea2a0d59.r2.dev/17 Balade panier ligne fille.gif,https://pub-e9db5024dff64a89897b25c9ea2a0d59.r2.dev/17 Balade panier ligne fille.gif
Cours 4 : Balades,18,Balade panier ligne garçon,x,1,Balade,Panier,,,,Panier,Mains croisées,16,Ligne garçon,,Idem, vu en Wcs, je les fais qu'avec ma folo de concours,18 Balade panier ligne garçon.gif,https://pub-e9db5024dff64a89897b25c9ea2a0d59.r2.dev/18 Balade panier ligne garçon.gif,https://pub-e9db5024dff64a89897b25c9ea2a0d59.r2.dev/18 Balade panier ligne garçon.gif
Cours 4 : Balades,19,Balade corbeille ligne fille,x,1,Balade,Corbeille,,,,Corbeille,MG/MD,16,Ligne fille,,Vu en Wcs, rarement en rock,19 Balade corbeille ligne fille.gif,https://pub-e9db5024dff64a89897b25c9ea2a0d59.r2.dev/19 Balade corbeille ligne fille.gif,https://pub-e9db5024dff64a89897b25c9ea2a0d59.r2.dev/19 Balade corbeille ligne fille.gif
Cours 4 : Balades,20,Balade corbeille ligne garçon,x,2,Balade,Corbeille,,,,Corbeille,Mains parallèles,16,Ligne garçon,,Jamais vu chez nous,20 Balade corbeille ligne garçon.gif,https://pub-e9db5024dff64a89897b25c9ea2a0d59.r2.dev/20 Balade corbeille ligne garçon.gif,https://pub-e9db5024dff64a89897b25c9ea2a0d59.r2.dev/20 Balade corbeille ligne garçon.gif
Cours 4 : Balades,21,Balade berceau ligne fille,x,2,Balade,Berceau,,,,Berceau,,16,Ligne fille,,,21 Balade berceau ligne fille.gif,https://pub-e9db5024dff64a89897b25c9ea2a0d59.r2.dev/21 Balade berceau ligne fille.gif,https://pub-e9db5024dff64a89897b25c9ea2a0d59.r2.dev/21 Balade berceau ligne fille.gif
Cours 4 : Balades,22,Balade berceau ligne garçon,x,1,Balade,Berceau,,,,Berceau,,16,Ligne garçon,,,22 Balade berceau ligne garçon.gif,https://pub-e9db5024dff64a89897b25c9ea2a0d59.r2.dev/22 Balade berceau ligne garçon.gif,https://pub-e9db5024dff64a89897b25c9ea2a0d59.r2.dev/22 Balade berceau ligne garçon.gif
Cours 4 : Balades,23,Balade mains parallèles ligne fille,x,2,Balade,Mains parallèles,,,,Mains parallèles,,16,Ligne fille,,Typiquement un sugar push en Wcs,23 Balade mains parallèles ligne fille.gif,https://pub-e9db5024dff64a89897b25c9ea2a0d59.r2.dev/23 Balade mains parallèles ligne fille.gif,https://pub-e9db5024dff64a89897b25c9ea2a0d59.r2.dev/23 Balade mains parallèles ligne fille.gif
Cours 4 : Balades,24,Balade mains parallèles ligne garçon,x,2,Balade,Mains parallèles,,,,Mains parallèles,,16,Ligne garçon,,Jamais vu chez nous,24 Balade mains parallèles ligne garçon.gif,https://pub-e9db5024dff64a89897b25c9ea2a0d59.r2.dev/24 Balade mains parallèles ligne garçon.gif,https://pub-e9db5024dff64a89897b25c9ea2a0d59.r2.dev/24 Balade mains parallèles ligne garçon.gif
Cours 4 : Balades,25,Cha-cha,x,1,Balade,Cha-Cha,,,,MG/MD,MG/MD,16,Ligne garçon,,Vu en Salsa,25 Cha-cha.gif,https://pub-e9db5024dff64a89897b25c9ea2a0d59.r2.dev/25 Cha-cha.gif,https://pub-e9db5024dff64a89897b25c9ea2a0d59.r2.dev/25 Cha-cha.gif
,,,,,,,,,,,,,,,,,,
Cours 5 : Spaghetti,,Cours 5 : Spaghetti,,,,,,,,,,,,,,,,
Cours 5 : Spaghetti,26,Spaghetti simple,x,1,,,,,,,,,,,,26 Spaghetti simple.gif,https://pub-e9db5024dff64a89897b25c9ea2a0d59.r2.dev/26 Spaghetti simple.gif,https://pub-e9db5024dff64a89897b25c9ea2a0d59.r2.dev/26 Spaghetti simple.gif
Cours 5 : Spaghetti,27,Spaghetti infini,x,2,,,,,,,,,,,,27 Spaghetti infini.gif,https://pub-e9db5024dff64a89897b25c9ea2a0d59.r2.dev/27 Spaghetti infini.gif,https://pub-e9db5024dff64a89897b25c9ea2a0d59.r2.dev/27 Spaghetti infini.gif
Cours 5 : Spaghetti,28,Feinte de spaghetti,x,2,,,,,,,,,,,Jamais vu chez nous,28 Feinte de spaghetti.gif,https://pub-e9db5024dff64a89897b25c9ea2a0d59.r2.dev/28 Feinte de spaghetti.gif,https://pub-e9db5024dff64a89897b25c9ea2a0d59.r2.dev/28 Feinte de spaghetti.gif
,,,,,,,,,,,,,,,,,,
Cours 6 : Enroulés,,Cours 6 : Enroulés,,,,,,,,,,,,,,,,
Cours 6 : Enroulés,29,Enroulé simple,x,1,,,,,,,,,,,,29 Enroulé simple.gif,https://pub-e9db5024dff64a89897b25c9ea2a0d59.r2.dev/29 Enroulé simple.gif,https://pub-e9db5024dff64a89897b25c9ea2a0d59.r2.dev/29 Enroulé simple.gif
Cours 6 : Enroulés,30,Enroulé genou,x,1,,,,,,,,,,,,30 Enroulé genou.gif,https://pub-e9db5024dff64a89897b25c9ea2a0d59.r2.dev/30 Enroulé genou.gif,https://pub-e9db5024dff64a89897b25c9ea2a0d59.r2.dev/30 Enroulé genou.gif
Cours 6 : Enroulés,31,Enroulé long,x,2,,,,,,,,,,,,31 Enroulé long.gif,https://pub-e9db5024dff64a89897b25c9ea2a0d59.r2.dev/31 Enroulé long.gif,https://pub-e9db5024dff64a89897b25c9ea2a0d59.r2.dev/31 Enroulé long.gif
Cours 6 : Enroulés,32,Enroulés infinis,x,1,,Enroulés infinis - successifs,,,,,,,,,,32 Enroulés infinis.gif,https://pub-e9db5024dff64a89897b25c9ea2a0d59.r2.dev/32 Enroulés infinis.gif,https://pub-e9db5024dff64a89897b25c9ea2a0d59.r2.dev/32 Enroulés infinis.gif
,,,,,,,,,,,,,,,,,,
Cours 7 : Changements de mains,,Cours 7 : Changements de mains,,,,,,,,,,,,,,,,
Cours 7 : Changements de mains,33,Tour extérieur MG MD,x,,,,,,,,,,,,,33 Tour extérieur MG MD.gif,https://pub-e9db5024dff64a89897b25c9ea2a0d59.r2.dev/33 Tour extérieur MG MD.gif,https://pub-e9db5024dff64a89897b25c9ea2a0d59.r2.dev/33 Tour extérieur MG MD.gif
Cours 7 : Changements de mains,34,Tour intérieur MD MG,x,,,,,,,,,,,,,34 Tour intérieur MD MG.gif,https://pub-e9db5024dff64a89897b25c9ea2a0d59.r2.dev/34 Tour intérieur MD MG.gif,https://pub-e9db5024dff64a89897b25c9ea2a0d59.r2.dev/34 Tour intérieur MD MG.gif
Cours 7 : Changements de mains,35,Caresse MD MG,x,,,,,,,,,,,,,35 Caresse MD MG.gif,https://pub-e9db5024dff64a89897b25c9ea2a0d59.r2.dev/35 Caresse MD MG.gif,https://pub-e9db5024dff64a89897b25c9ea2a0d59.r2.dev/35 Caresse MD MG.gif
Cours 7 : Changements de mains,36,Caresse inversée,x,,,,,,,,,,,,,36 Caresse inversée.gif,https://pub-e9db5024dff64a89897b25c9ea2a0d59.r2.dev/36 Caresse inversée.gif,https://pub-e9db5024dff64a89897b25c9ea2a0d59.r2.dev/36 Caresse inversée.gif
Cours 7 : Changements de mains,37,Traversée 2 tours extérieurs,x,,,,,,,,,,,,Vu en Wcs,37 Traversée 2 tours extérieurs.gif,https://pub-e9db5024dff64a89897b25c9ea2a0d59.r2.dev/37 Traversée 2 tours extérieurs.gif,https://pub-e9db5024dff64a89897b25c9ea2a0d59.r2.dev/37 Traversée 2 tours extérieurs.gif
Cours 7 : Changements de mains,38,Chgt main dans le dos,x,,,,,,,,,,,,,38 Chgt main dans le dos.gif,https://pub-e9db5024dff64a89897b25c9ea2a0d59.r2.dev/38 Chgt main dans le dos.gif,https://pub-e9db5024dff64a89897b25c9ea2a0d59.r2.dev/38 Chgt main dans le dos.gif
,,,,,,,,,,,,,,,,,,
Cours 8 : Jeux de regards,,Cours 8 : Jeux de regards,,,,,,,,,,,,,,,,
Cours 8 : Jeux de regards,39,Jeu de regard panier,x,,,,,,,,,,, ,,39 Jeu de regard panier.gif,https://pub-e9db5024dff64a89897b25c9ea2a0d59.r2.dev/39 Jeu de regard panier.gif,https://pub-e9db5024dff64a89897b25c9ea2a0d59.r2.dev/39 Jeu de regard panier.gif
Cours 8 : Jeux de regards,40,Jeu de regard corbeille,x,,,,,,,,,,,,,40 Jeu de regard corbeille.gif,https://pub-e9db5024dff64a89897b25c9ea2a0d59.r2.dev/40 Jeu de regard corbeille.gif,https://pub-e9db5024dff64a89897b25c9ea2a0d59.r2.dev/40 Jeu de regard corbeille.gif
Cours 8 : Jeux de regards,41,Jeu de regard berceau,x,,,,,,,,,,,,,41 Jeu de regard berceau.gif,https://pub-e9db5024dff64a89897b25c9ea2a0d59.r2.dev/41 Jeu de regard berceau.gif,https://pub-e9db5024dff64a89897b25c9ea2a0d59.r2.dev/41 Jeu de regard berceau.gif
Cours 8 : Jeux de regards,42,Engrenage,x,,,,,,,,,,,,,41 Jeu de regard berceau.gif,https://pub-e9db5024dff64a89897b25c9ea2a0d59.r2.dev/41 Jeu de regard berceau.gif,https://pub-e9db5024dff64a89897b25c9ea2a0d59.r2.dev/41 Jeu de regard berceau.gif
Cours 8 : Jeux de regards,43,Epaule-Epaule,x,,,,,,,,,,,,,43 Epaule-épaule.gif,https://pub-e9db5024dff64a89897b25c9ea2a0d59.r2.dev/43 Epaule-épaule.gif,https://pub-e9db5024dff64a89897b25c9ea2a0d59.r2.dev/43 Epaule-épaule.gif
Cours 8 : Jeux de regards,44,L_incontournable,x,,,,,,,,,,,,Jamais vu chez nous,44 L_incontournable.gif,https://pub-e9db5024dff64a89897b25c9ea2a0d59.r2.dev/44 L_incontournable.gif,https://pub-e9db5024dff64a89897b25c9ea2a0d59.r2.dev/44 L_incontournable.gif
,,,,,,,,,,,,,,,,,,
Cours 9 : Penchés,,Cours 9 : Penchés,,,,,,,,,,,,,,,,
Cours 9 : Penchés,45,Décalé,x,,,,,,,,,,,,,45 Décalé.gif,https://pub-e9db5024dff64a89897b25c9ea2a0d59.r2.dev/45 Décalé.gif,https://pub-e9db5024dff64a89897b25c9ea2a0d59.r2.dev/45 Décalé.gif
Cours 9 : Penchés,46,Penché,x,,,,,,,,,,,,,46 Penché.gif,https://pub-e9db5024dff64a89897b25c9ea2a0d59.r2.dev/46 Penché.gif,https://pub-e9db5024dff64a89897b25c9ea2a0d59.r2.dev/46 Penché.gif
,,,,,,,,,,,,,,,,,,
Cours 10 : Tombés,,Cours 10 : Tombés,,,,,,,,,,,,,,,,
Cours 10 : Tombés,47,Tombé à droite,x,,,,,,,,,,,,,47 Tombé à droite.gif,https://pub-e9db5024dff64a89897b25c9ea2a0d59.r2.dev/47 Tombé à droite.gif,https://pub-e9db5024dff64a89897b25c9ea2a0d59.r2.dev/47 Tombé à droite.gif
Cours 10 : Tombés,48,Tombé à gauche,x,,,,,,,,,,,,,48 Tombé à gauche.gif,https://pub-e9db5024dff64a89897b25c9ea2a0d59.r2.dev/48 Tombé à gauche.gif,https://pub-e9db5024dff64a89897b25c9ea2a0d59.r2.dev/48 Tombé à gauche.gif
,,,,,,,,,,,,,,,,,,
Cours 11 : Bossus,,Cours 11 : Bossus,,,,,,,,,,,,,,,,
Cours 11 : Bossus,49,Bossu à une main,x,,,,,,,,,,,,,49 Bossu à une main.gif,https://pub-e9db5024dff64a89897b25c9ea2a0d59.r2.dev/49 Bossu à une main.gif,https://pub-e9db5024dff64a89897b25c9ea2a0d59.r2.dev/49 Bossu à une main.gif
Cours 11 : Bossus,50,Bossu à 2 mains,x,,,,,,,,,,,,,50 Bossu à 2 mains.gif,https://pub-e9db5024dff64a89897b25c9ea2a0d59.r2.dev/50 Bossu à 2 mains.gif,https://pub-e9db5024dff64a89897b25c9ea2a0d59.r2.dev/50 Bossu à 2 mains.gif
Cours 11 : Bossus,51,Clé de bras infinie,x,,,,,,,,,,,,,51 Clé de bras infinie.gif,https://pub-e9db5024dff64a89897b25c9ea2a0d59.r2.dev/51 Clé de bras infinie.gif,https://pub-e9db5024dff64a89897b25c9ea2a0d59.r2.dev/51 Clé de bras infinie.gif
,,,,,,,,,,,,,,,,,,
Cours 12 : Espagnoles,,Cours 12 : Espagnoles,,,,,,,,,,,,,La différence avec nos Espagnoles est insignifiante...,,,
Cours 12 : Espagnoles,52,Espagnole simple,x,,,,,,,,,,,Mise en espagnole simple, espagnole simple,,52 Espagnole simple.gif,https://pub-e9db5024dff64a89897b25c9ea2a0d59.r2.dev/52 Espagnole simple.gif,https://pub-e9db5024dff64a89897b25c9ea2a0d59.r2.dev/52 Espagnole simple.gif
Cours 12 : Espagnoles,53,Espagnole infinie,x,,,,,,,,,,,Espagnole infinie à deux,,53 Espagnole infinie.gif,https://pub-e9db5024dff64a89897b25c9ea2a0d59.r2.dev/53 Espagnole infinie.gif,https://pub-e9db5024dff64a89897b25c9ea2a0d59.r2.dev/53 Espagnole infinie.gif
Cours 12 : Espagnoles,54,Espagnole et enroulés,x,,,,,,,,,,,Mise en espagnole et enroulés,,54 Espagnole et enroulés.gif,https://pub-e9db5024dff64a89897b25c9ea2a0d59.r2.dev/54 Espagnole et enroulés.gif,https://pub-e9db5024dff64a89897b25c9ea2a0d59.r2.dev/54 Espagnole et enroulés.gif
Cours 12 : Espagnoles,55,Espagnole déboulés infini,x,,,,,,,,,,,Espagnole infinie cavalière en déboulés,,55 Espagnole déboulés infini.gif,https://pub-e9db5024dff64a89897b25c9ea2a0d59.r2.dev/55 Espagnole déboulés infini.gif,https://pub-e9db5024dff64a89897b25c9ea2a0d59.r2.dev/55 Espagnole déboulés infini.gif
Cours 12 : Espagnoles,56,Espagnole Jeu de regard V1,x,,,,,,,,,,,Jeux de regards en espagnole V1,,56 Espagnole Jeu de regard V1.gif,https://pub-e9db5024dff64a89897b25c9ea2a0d59.r2.dev/56 Espagnole Jeu de regard V1.gif,https://pub-e9db5024dff64a89897b25c9ea2a0d59.r2.dev/56 Espagnole Jeu de regard V1.gif
Cours 12 : Espagnoles,57,Espagnole Jeu de regard V2,x,,,,,,,,,,,Jeux de regards en espagnole V2,,57 Espagnole Jeu de regard V2.gif,https://pub-e9db5024dff64a89897b25c9ea2a0d59.r2.dev/57 Espagnole Jeu de regard V2.gif,https://pub-e9db5024dff64a89897b25c9ea2a0d59.r2.dev/57 Espagnole Jeu de regard V2.gif
Cours 12 : Espagnoles,58,Espagnole garçon, Spaghetti inversé,x,,,,,,,,,,,Spaghetti inversé avec départ espagnole,,58 Espagnole garçon, Spaghetti inversé.gif,https://pub-e9db5024dff64a89897b25c9ea2a0d59.r2.dev/58 Espagnole garçon, Spaghetti inversé.gif,https://pub-e9db5024dff64a89897b25c9ea2a0d59.r2.dev/58 Espagnole garçon, Spaghetti inversé.gif
Cours 12 : Espagnoles,59,Espagnole inversée garçon, spaghetti,x,,,,,,,,,,,Espagnole inversée homme,,59 Espagnole inversée garçon, spaghetti.gif,https://pub-e9db5024dff64a89897b25c9ea2a0d59.r2.dev/59 Espagnole inversée garçon, spaghetti.gif,https://pub-e9db5024dff64a89897b25c9ea2a0d59.r2.dev/59 Espagnole inversée garçon, spaghetti.gif
,,,,,,,,,,,,,,,,,,
Cours 13 : Satellites et Fenêtre,,Cours 13 : Satellites et Fenêtre,,,,,,,,,,,,,,,,
Cours 13 : Satellites et Fenêtre,60,Satellite,x,,,,,,,,,,,,,60 Satellite.gif,https://pub-e9db5024dff64a89897b25c9ea2a0d59.r2.dev/60 Satellite.gif,https://pub-e9db5024dff64a89897b25c9ea2a0d59.r2.dev/60 Satellite.gif
Cours 13 : Satellites et Fenêtre,61,Satellite tombé à droite,x,,,,,,,,,,,,,61 Satellite tombé à droite.gif,https://pub-e9db5024dff64a89897b25c9ea2a0d59.r2.dev/61 Satellite tombé à droite.gif,https://pub-e9db5024dff64a89897b25c9ea2a0d59.r2.dev/61 Satellite tombé à droite.gif
Cours 13 : Satellites et Fenêtre,62,Satellite inversé,x,,,,,,,,,,,,,62 Satellite inversé.gif,https://pub-e9db5024dff64a89897b25c9ea2a0d59.r2.dev/62 Satellite inversé.gif,https://pub-e9db5024dff64a89897b25c9ea2a0d59.r2.dev/62 Satellite inversé.gif
Cours 13 : Satellites et Fenêtre,63,Fenêtre,x,,,,,,,,,,,,,63 Fenêtre.gif,https://pub-e9db5024dff64a89897b25c9ea2a0d59.r2.dev/63 Fenêtre.gif,https://pub-e9db5024dff64a89897b25c9ea2a0d59.r2.dev/63 Fenêtre.gif
,,,,,,,,,,,,,,,,,,
Cours 14 : Catapultes,,Cours 14 : Catapultes,,,,,,,,,,,,,Les composantes de ces enchainements sont connues,,,
Cours 14 : Catapultes,64,Catapulte simple,x,,,,,,,,,,,,,64 Catapulte simple.gif,https://pub-e9db5024dff64a89897b25c9ea2a0d59.r2.dev/64 Catapulte simple.gif,https://pub-e9db5024dff64a89897b25c9ea2a0d59.r2.dev/64 Catapulte simple.gif
Cours 14 : Catapultes,65,Catapulte tour lâché,x,,,,,,,,,,,,,65 Catapulte tour lâché.gif,https://pub-e9db5024dff64a89897b25c9ea2a0d59.r2.dev/65 Catapulte tour lâché.gif,https://pub-e9db5024dff64a89897b25c9ea2a0d59.r2.dev/65 Catapulte tour lâché.gif
Cours 14 : Catapultes,66,Catapulte demi-cage,x,,,,,,,,,,,,,66 Catapulte demi-cage.gif,https://pub-e9db5024dff64a89897b25c9ea2a0d59.r2.dev/66 Catapulte demi-cage.gif,https://pub-e9db5024dff64a89897b25c9ea2a0d59.r2.dev/66 Catapulte demi-cage.gif
Cours 14 : Catapultes,67,Catapulte demi-cage traversée,x,,,,,,,,,,,,,67 Catapulte demi-cage traversée.gif,https://pub-e9db5024dff64a89897b25c9ea2a0d59.r2.dev/67 Catapulte demi-cage traversée.gif,https://pub-e9db5024dff64a89897b25c9ea2a0d59.r2.dev/67 Catapulte demi-cage traversée.gif
Cours 14 : Catapultes,68,Catapulte cage,x,,,,,,,,,,,,,68 Catapulte cage.gif,https://pub-e9db5024dff64a89897b25c9ea2a0d59.r2.dev/68 Catapulte cage.gif,https://pub-e9db5024dff64a89897b25c9ea2a0d59.r2.dev/68 Catapulte cage.gif
,,,,,,,,,,,,,,,,,,
Cours 15 : Amené à l'épaule ,,Cours 15 : Amené à l'épaule ,,,,,,,,,,,,,,,,
Cours 15 : Amené à l'épaule ,69,First Move,x,,,,,,,,,,,,,69 First Move.gif,https://pub-e9db5024dff64a89897b25c9ea2a0d59.r2.dev/69 First Move.gif,https://pub-e9db5024dff64a89897b25c9ea2a0d59.r2.dev/69 First Move.gif
Cours 15 : Amené à l'épaule ,70,First move MG MD dos,x,,,,,,,,,,,,,70 First move MG MD dos.gif,https://pub-e9db5024dff64a89897b25c9ea2a0d59.r2.dev/70 First move MG MD dos.gif,https://pub-e9db5024dff64a89897b25c9ea2a0d59.r2.dev/70 First move MG MD dos.gif
Cours 15 : Amené à l'épaule ,71,First Move MG MD épaule,x,,,,,,,,,,,,,71 First Move MG MD épaule.gif,https://pub-e9db5024dff64a89897b25c9ea2a0d59.r2.dev/71 First Move MG MD épaule.gif,https://pub-e9db5024dff64a89897b25c9ea2a0d59.r2.dev/71 First Move MG MD épaule.gif
Cours 15 : Amené à l'épaule ,72,First Move MG MD en amont,x,,,,,,,,,,,,,72 First Move MG MD en amont.gif,https://pub-e9db5024dff64a89897b25c9ea2a0d59.r2.dev/72 First Move MG MD en amont.gif,https://pub-e9db5024dff64a89897b25c9ea2a0d59.r2.dev/72 First Move MG MD en amont.gif
Cours 15 : Amené à l'épaule ,73,First Move main droite,x,,,,,,,,,,,,,73 First Move main droite.gif,https://pub-e9db5024dff64a89897b25c9ea2a0d59.r2.dev/73 First Move main droite.gif,https://pub-e9db5024dff64a89897b25c9ea2a0d59.r2.dev/73 First Move main droite.gif
,,,,,,,,,,,,,,,,,,
Cours 16 : Coups de fouet,,Cours 16 : Coups de fouet,,,,,,,,,,,,,,,,
Cours 16 : Coups de fouet,74,Coup de fouet MD,x,,,,,,,,,,,,,74 Coup de fouet MD.gif,https://pub-e9db5024dff64a89897b25c9ea2a0d59.r2.dev/74 Coup de fouet MD.gif,https://pub-e9db5024dff64a89897b25c9ea2a0d59.r2.dev/74 Coup de fouet MD.gif
Cours 16 : Coups de fouet,75,Coup de fouet MG en haut,x,,,,,,,,,,,,,75 Coup de fouet MG en haut.gif,https://pub-e9db5024dff64a89897b25c9ea2a0d59.r2.dev/75 Coup de fouet MG en haut.gif,https://pub-e9db5024dff64a89897b25c9ea2a0d59.r2.dev/75 Coup de fouet MG en haut.gif
Cours 16 : Coups de fouet,76,Coup de fouet MG en bas,x,,,,,,,,,,,,,76 Coup de fouet MG en bas.gif,https://pub-e9db5024dff64a89897b25c9ea2a0d59.r2.dev/76 Coup de fouet MG en bas.gif,https://pub-e9db5024dff64a89897b25c9ea2a0d59.r2.dev/76 Coup de fouet MG en bas.gif
,,,,,,,,,,,,,,,,,,
Cours 17 : Variantes des bases,,Cours 17 : Variantes des bases ,,,,,,,,,,,,,,,,
Cours 17 : Variantes des bases,77,Tour extérieur tenu,x,,,,,,,,,,,,,77 Tour extérieur tenu.gif,https://pub-e9db5024dff64a89897b25c9ea2a0d59.r2.dev/77 Tour extérieur tenu.gif,https://pub-e9db5024dff64a89897b25c9ea2a0d59.r2.dev/77 Tour extérieur tenu.gif
Cours 17 : Variantes des bases,78,Tour extérieur lâché,x,,,,,,,,,,,,,78 Tour extérieur lâché.gif,https://pub-e9db5024dff64a89897b25c9ea2a0d59.r2.dev/78 Tour extérieur lâché.gif,https://pub-e9db5024dff64a89897b25c9ea2a0d59.r2.dev/78 Tour extérieur lâché.gif
Cours 17 : Variantes des bases,79,Traversée à gauche tour intérieur,x,,,,,,,,,,,,,79 Traversée à gauche tour intérieur.gif,https://pub-e9db5024dff64a89897b25c9ea2a0d59.r2.dev/79 Traversée à gauche tour intérieur.gif,https://pub-e9db5024dff64a89897b25c9ea2a0d59.r2.dev/79 Traversée à gauche tour intérieur.gif
Cours 17 : Variantes des bases,80,Traversée à gauche tour extérieur,x,,,,,,,,,,,,,80 Traversée à gauche tour extérieur.gif,https://pub-e9db5024dff64a89897b25c9ea2a0d59.r2.dev/80 Traversée à gauche tour extérieur.gif,https://pub-e9db5024dff64a89897b25c9ea2a0d59.r2.dev/80 Traversée à gauche tour extérieur.gif
Cours 17 : Variantes des bases,81,Traversée à gauche 2 tours extérieurs,x,,,,,,,,,,,,,81 Traversée à gauche 2 tours extérieurs.gif,https://pub-e9db5024dff64a89897b25c9ea2a0d59.r2.dev/81 Traversée à gauche 2 tours extérieurs.gif,https://pub-e9db5024dff64a89897b25c9ea2a0d59.r2.dev/81 Traversée à gauche 2 tours extérieurs.gif
Cours 17 : Variantes des bases,82,Dos à dos mains parallèles,,,,,,,,,,,,,,,,
Cours 17 : Variantes des bases,83,Dos à dos MG MD,x,,,,,,,,,,,,,83 Dos à dos MG MD.gif,https://pub-e9db5024dff64a89897b25c9ea2a0d59.r2.dev/83 Dos à dos MG MD.gif,https://pub-e9db5024dff64a89897b25c9ea2a0d59.r2.dev/83 Dos à dos MG MD.gif
Cours 17 : Variantes des bases,84,Dos à dos MD MD,x,,,,,,,,,,,,,84 Dos à dos MD MD.gif,https://pub-e9db5024dff64a89897b25c9ea2a0d59.r2.dev/84 Dos à dos MD MD.gif,https://pub-e9db5024dff64a89897b25c9ea2a0d59.r2.dev/84 Dos à dos MD MD.gif
Cours 17 : Variantes des bases,85,,,,,,,,,,,,,Vidéo non tournée,,,,
Cours 17 : Variantes des bases,86,,,,,,,,,,,,,Vidéo non tournée,,,,
Cours 17 : Variantes des bases,87,Dos à dos MD MD 2 tours chgt main,x,,,,,,,,,,,,,87 Dos à dos MD MD 2 tours chgt main.gif,https://pub-e9db5024dff64a89897b25c9ea2a0d59.r2.dev/87 Dos à dos MD MD 2 tours chgt main.gif,https://pub-e9db5024dff64a89897b25c9ea2a0d59.r2.dev/87 Dos à dos MD MD 2 tours chgt main.gif
,,,,,,,,,,,,,,,,,,
Cours 18 : Tapes ,,Cours 18 : Tapes ,,,,,,,,,,,,,,,,
Cours 18 : Tapes ,88,Tope-là enroulé,x,,,,,,,,,,,,,88 Tope-là enroulé.gif,https://pub-e9db5024dff64a89897b25c9ea2a0d59.r2.dev/88 Tope-là enroulé.gif,https://pub-e9db5024dff64a89897b25c9ea2a0d59.r2.dev/88 Tope-là enroulé.gif
Cours 18 : Tapes ,89,Tope-là enroulé V2,x,,,,,,,,,,,,,89 Tope-là enroulé V2.gif,https://pub-e9db5024dff64a89897b25c9ea2a0d59.r2.dev/89 Tope-là enroulé V2.gif,https://pub-e9db5024dff64a89897b25c9ea2a0d59.r2.dev/89 Tope-là enroulé V2.gif
Cours 18 : Tapes ,91,Tope-là assis,x,,,,,,,,,,,Remettre dans l'ordre au montage ,,91 Tope-là assis.gif,https://pub-e9db5024dff64a89897b25c9ea2a0d59.r2.dev/91 Tope-là assis.gif,https://pub-e9db5024dff64a89897b25c9ea2a0d59.r2.dev/91 Tope-là assis.gif
Cours 18 : Tapes ,90,Tope-là tenu, arrivée espagnole inversée,x,,,,,,,,,,,,,90 Tope-là tenu, arrivée espagnole inversée.gif,https://pub-e9db5024dff64a89897b25c9ea2a0d59.r2.dev/90 Tope-là tenu, arrivée espagnole inversée.gif,https://pub-e9db5024dff64a89897b25c9ea2a0d59.r2.dev/90 Tope-là tenu, arrivée espagnole inversée.gif
Cours 18 : Tapes ,92,Mains coudes,x,,,,,,,,,,,,Jamais vu chez nous,92 Mains coudes.gif,https://pub-e9db5024dff64a89897b25c9ea2a0d59.r2.dev/92 Mains coudes.gif,https://pub-e9db5024dff64a89897b25c9ea2a0d59.r2.dev/92 Mains coudes.gif
Cours 18 : Tapes ,93,Mains 2 coudes,x,,,,,,,,,,,,La cavalière doit savoir qu'elle doit prendre les coudes,93 Mains 2 coudes.gif,https://pub-e9db5024dff64a89897b25c9ea2a0d59.r2.dev/93 Mains 2 coudes.gif,https://pub-e9db5024dff64a89897b25c9ea2a0d59.r2.dev/93 Mains 2 coudes.gif
,,,,,,,,,,,,,,,,,,
Cours 19 : Balades 2,,Cours 19 : Balades 2,,,,,,,,,,,,,,,,
Cours 19 : Balades 3,94,Guidage à la taille 2 mains,x,,,,,,,,,,,,,94 Guidage à la taille 2 mains.gif,https://pub-e9db5024dff64a89897b25c9ea2a0d59.r2.dev/94 Guidage à la taille 2 mains.gif,https://pub-e9db5024dff64a89897b25c9ea2a0d59.r2.dev/94 Guidage à la taille 2 mains.gif
Cours 19 : Balades 4,95,Guidage aux coudes,x,,,,,,,,,,,,,95 Guidage aux coudes.gif,https://pub-e9db5024dff64a89897b25c9ea2a0d59.r2.dev/95 Guidage aux coudes.gif,https://pub-e9db5024dff64a89897b25c9ea2a0d59.r2.dev/95 Guidage aux coudes.gif
Cours 19 : Balades 5,96,Guidage à la taille MD,x,,,,,,,,,,,,,96 Guidage à la taille MD.gif,https://pub-e9db5024dff64a89897b25c9ea2a0d59.r2.dev/96 Guidage à la taille MD.gif,https://pub-e9db5024dff64a89897b25c9ea2a0d59.r2.dev/96 Guidage à la taille MD.gif
Cours 19 : Balades 6,97,Guidage à la taille MG,x,,,,,,,,,,,,,97 Guidage à la taille MG.gif,https://pub-e9db5024dff64a89897b25c9ea2a0d59.r2.dev/97 Guidage à la taille MG.gif,https://pub-e9db5024dff64a89897b25c9ea2a0d59.r2.dev/97 Guidage à la taille MG.gif
Cours 19 : Balades 7,98,Guidage à la taille 2 mains avec tombé,x,,,,,,,,,,,,,97 Guidage à la taille MG.gif,https://pub-e9db5024dff64a89897b25c9ea2a0d59.r2.dev/97 Guidage à la taille MG.gif,https://pub-e9db5024dff64a89897b25c9ea2a0d59.r2.dev/97 Guidage à la taille MG.gif
,,,,,,,,,,,,,,,,,,
Cours 20 : Jeux de regards V2,,Cours 20 : Jeux de regards V2,,,,,,,,,,,,,,,,
Cours 20 : Jeux de regards V3,99,Panier inversé,x,,,,,,,,,,,,,99 Panier inversé.gif,https://pub-e9db5024dff64a89897b25c9ea2a0d59.r2.dev/99 Panier inversé.gif,https://pub-e9db5024dff64a89897b25c9ea2a0d59.r2.dev/99 Panier inversé.gif
Cours 20 : Jeux de regards V4,100,Berceau inversé,x,,,,,,,,,,,,,100 Berceau inversé.gif,https://pub-e9db5024dff64a89897b25c9ea2a0d59.r2.dev/100 Berceau inversé.gif,https://pub-e9db5024dff64a89897b25c9ea2a0d59.r2.dev/100 Berceau inversé.gif
Cours 20 : Jeux de regards V5,101,Corbeille inversée,x,,,,,,,,,,,,,101 Corbeille inversée.gif,https://pub-e9db5024dff64a89897b25c9ea2a0d59.r2.dev/101 Corbeille inversée.gif,https://pub-e9db5024dff64a89897b25c9ea2a0d59.r2.dev/101 Corbeille inversée.gif
Cours 20 : Jeux de regards V6,102,Tire-Bouchon,x,,,,,,,,,,,,,102 Tire-bouchon.gif,https://pub-e9db5024dff64a89897b25c9ea2a0d59.r2.dev/102 Tire-bouchon.gif,https://pub-e9db5024dff64a89897b25c9ea2a0d59.r2.dev/102 Tire-bouchon.gif
,,,,,,,,,,,,,,,,,,
Cours 21 : Changements de mains V2,,Cours 21 : Changements de mains V2,,,,,,,,,,,,,,,,
Cours 21 : Changements de mains V3,103,Genuflexion,x,,,,,,,,,,,,,103 Genuflexion.gif,https://pub-e9db5024dff64a89897b25c9ea2a0d59.r2.dev/103 Genuflexion.gif,https://pub-e9db5024dff64a89897b25c9ea2a0d59.r2.dev/103 Genuflexion.gif
Cours 21 : Changements de mains V4,104,Genuflexion retour,x,,,,,,,,,,,,,104 Genuflexion retour.gif,https://pub-e9db5024dff64a89897b25c9ea2a0d59.r2.dev/104 Genuflexion retour.gif,https://pub-e9db5024dff64a89897b25c9ea2a0d59.r2.dev/104 Genuflexion retour.gif
Cours 21 : Changements de mains V5,105,Glissé nuque MG MD,x,,,,,,,,,,,,,105 Glissé nuque MG MD.gif,https://pub-e9db5024dff64a89897b25c9ea2a0d59.r2.dev/105 Glissé nuque MG MD.gif,https://pub-e9db5024dff64a89897b25c9ea2a0d59.r2.dev/105 Glissé nuque MG MD.gif
Cours 21 : Changements de mains V6,106,Glissé nuque MD MG,x,,,,,,,,,,,,,106 Glissé nuque MD MG.gif,https://pub-e9db5024dff64a89897b25c9ea2a0d59.r2.dev/106 Glissé nuque MD MG.gif,https://pub-e9db5024dff64a89897b25c9ea2a0d59.r2.dev/106 Glissé nuque MD MG.gif
Cours 21 : Changements de mains V7,107,Chgt main 4 tours extérieurs,x,,,,,,,,,,,,,107 Chgt main 4 tours extérieurs.gif,https://pub-e9db5024dff64a89897b25c9ea2a0d59.r2.dev/107 Chgt main 4 tours extérieurs.gif,https://pub-e9db5024dff64a89897b25c9ea2a0d59.r2.dev/107 Chgt main 4 tours extérieurs.gif
Cours 21 : Changements de mains V8,108,Chgt main dans le dos infini,x,,,,,,,,,,,,,108 Chgt main dans le dos infini.gif,https://pub-e9db5024dff64a89897b25c9ea2a0d59.r2.dev/108 Chgt main dans le dos infini.gif,https://pub-e9db5024dff64a89897b25c9ea2a0d59.r2.dev/108 Chgt main dans le dos infini.gif
Cours 21 : Changements de mains V9,109,Tour libre dans le dos MD MG =_ MG MD,x,,,,,,,,,,,,,109 Tour libre dans le dos MD MG =_ MG MD.gif,https://pub-e9db5024dff64a89897b25c9ea2a0d59.r2.dev/109 Tour libre dans le dos MD MG =_ MG MD.gif,https://pub-e9db5024dff64a89897b25c9ea2a0d59.r2.dev/109 Tour libre dans le dos MD MG =_ MG MD.gif
,,,,,,,,,,,,,,,,,,
Cours 22 : Diverses passes,,Cours 22 : Diverses passes,,,,,,,,,,,,,,,,
Cours 22 : Diverses passes,110,Enroulés infinis V2,x,,,,,,,,,,,,,110 Enroulés infinis V2.gif,https://pub-e9db5024dff64a89897b25c9ea2a0d59.r2.dev/110 Enroulés infinis V2.gif,https://pub-e9db5024dff64a89897b25c9ea2a0d59.r2.dev/110 Enroulés infinis V2.gif
Cours 22 : Diverses passes,111,Enroulés infinis V3,x,,,,,,,,,,,,,111 Enroulés infinis V3.gif,https://pub-e9db5024dff64a89897b25c9ea2a0d59.r2.dev/111 Enroulés infinis V3.gif,https://pub-e9db5024dff64a89897b25c9ea2a0d59.r2.dev/111 Enroulés infinis V3.gif
Cours 22 : Diverses passes,112,Preux Chevalier (théière),X,,,,,,,,,,,,,112 Preux chevalier (théière).gif,https://pub-e9db5024dff64a89897b25c9ea2a0d59.r2.dev/112 Preux chevalier (théière).gif,https://pub-e9db5024dff64a89897b25c9ea2a0d59.r2.dev/112 Preux chevalier (théière).gif
Cours 22 : Diverses passes,113,Tapes successives en face,x,,,,,,,,,,,,,113 Tapes successives en face.gif,https://pub-e9db5024dff64a89897b25c9ea2a0d59.r2.dev/113 Tapes successives en face.gif,https://pub-e9db5024dff64a89897b25c9ea2a0d59.r2.dev/113 Tapes successives en face.gif
,,,,,,,,,,,,,,,,,,
Cours 23 : Tombés V2 ,,Cours 23 : Tombés V2 ,,,,,,,,,,,,,,,,
Cours 23 : Tombés V3,114,Tombé à droite bras droit,xx,,,,,,,,,,,,,114 Tombé à droite bras droit.gif,https://pub-e9db5024dff64a89897b25c9ea2a0d59.r2.dev/114 Tombé à droite bras droit.gif,https://pub-e9db5024dff64a89897b25c9ea2a0d59.r2.dev/114 Tombé à droite bras droit.gif
Cours 23 : Tombés V4,115,Tombé à droite bras gauche,xx,,,,,,,,,,,,,115 Tombé à droite bras gauche.gif,https://pub-e9db5024dff64a89897b25c9ea2a0d59.r2.dev/115 Tombé à droite bras gauche.gif,https://pub-e9db5024dff64a89897b25c9ea2a0d59.r2.dev/115 Tombé à droite bras gauche.gif
Cours 23 : Tombés V5,116,Tombé à gauche bras droit,xx,,,,,,,,,,,,,116 Tombé à gauche bras droit.gif,https://pub-e9db5024dff64a89897b25c9ea2a0d59.r2.dev/116 Tombé à gauche bras droit.gif,https://pub-e9db5024dff64a89897b25c9ea2a0d59.r2.dev/116 Tombé à gauche bras droit.gif
Cours 23 : Tombés V6,117,Tombé à gauche bras gauche,xx,,,,,,,,,,,,,117 Tombé à gauche bras gauche.gif,https://pub-e9db5024dff64a89897b25c9ea2a0d59.r2.dev/117 Tombé à gauche bras gauche.gif,https://pub-e9db5024dff64a89897b25c9ea2a0d59.r2.dev/117 Tombé à gauche bras gauche.gif
Cours 23 : Tombés V7,118,Tombé berceau ligne fille,xx,,,Berceau (fin en barrage) ligne cavalière,,,,,,,,Expliquer l'orientation du tombé dépend orientation jambe de soutien du danseur,,118 Tombé berceau ligne fille.gif,https://pub-e9db5024dff64a89897b25c9ea2a0d59.r2.dev/118 Tombé berceau ligne fille.gif,https://pub-e9db5024dff64a89897b25c9ea2a0d59.r2.dev/118 Tombé berceau ligne fille.gif
Cours 23 : Tombés V8,119,Tombé berceau ligne garçon,xx,,,Berceau (fin en barrage) ligne danseur,,,,,,,,,,119 Tombé berceau ligne garçon.gif,https://pub-e9db5024dff64a89897b25c9ea2a0d59.r2.dev/119 Tombé berceau ligne garçon.gif,https://pub-e9db5024dff64a89897b25c9ea2a0d59.r2.dev/119 Tombé berceau ligne garçon.gif
Cours 23 : Tombés V9,120,Tombé sous les bras,xx,,,,,,,,,,,,,120 Tombé sous les bras.gif,https://pub-e9db5024dff64a89897b25c9ea2a0d59.r2.dev/120 Tombé sous les bras.gif,https://pub-e9db5024dff64a89897b25c9ea2a0d59.r2.dev/120 Tombé sous les bras.gif
Cours 23 : Tombés V10,121,Tombé par-dessus la tête,xx,,,,,,,,,,,,,121 Tombé par-dessus la tête.gif,https://pub-e9db5024dff64a89897b25c9ea2a0d59.r2.dev/121 Tombé par-dessus la tête.gif,https://pub-e9db5024dff64a89897b25c9ea2a0d59.r2.dev/121 Tombé par-dessus la tête.gif
Cours 23 : Tombés V11,122,Tombé sortie épaule épaule,xx,,,,,,,,,,,,,122 Tombé sortie épaule épaule.gif,https://pub-e9db5024dff64a89897b25c9ea2a0d59.r2.dev/122 Tombé sortie épaule épaule.gif,https://pub-e9db5024dff64a89897b25c9ea2a0d59.r2.dev/122 Tombé sortie épaule épaule.gif
Cours 23 : Tombés V12,123,Tombé bras dessus, bras dessous,xx,,,,,,,,,,,,,123 Tombé bras dessus, bras dessous.gif,https://pub-e9db5024dff64a89897b25c9ea2a0d59.r2.dev/123 Tombé bras dessus, bras dessous.gif,https://pub-e9db5024dff64a89897b25c9ea2a0d59.r2.dev/123 Tombé bras dessus, bras dessous.gif
Cours 23 : Tombés V13,124,Sortie de terre,xx,,,,,,,,,,,,Comme beaucoup d'autre passes, la mise en oeuvre est,124 Sortie de terre.gif,https://pub-e9db5024dff64a89897b25c9ea2a0d59.r2.dev/124 Sortie de terre.gif,https://pub-e9db5024dff64a89897b25c9ea2a0d59.r2.dev/124 Sortie de terre.gif
,,,,,,,,,,,,,,,un peu différente chez nous, mais l'action principale est la même,,,
Cours 24 : Portés V1,,Cours 24 : Portés V1,,,,,,,,,,,,,,,,
Cours 24 : Portés V2,125,Chandelle,X,,,,,,,,,,,,Les portés ne sont vu qu'en concours, chez nous,125 Chandelle.gif,https://pub-e9db5024dff64a89897b25c9ea2a0d59.r2.dev/125 Chandelle.gif,https://pub-e9db5024dff64a89897b25c9ea2a0d59.r2.dev/125 Chandelle.gif
Cours 24 : Portés V3,126,Porté tibia en avant,x,,,,,,,,,,,,,126 Porté tibia en avant.gif,https://pub-e9db5024dff64a89897b25c9ea2a0d59.r2.dev/126 Porté tibia en avant.gif,https://pub-e9db5024dff64a89897b25c9ea2a0d59.r2.dev/126 Porté tibia en avant.gif
Cours 24 : Portés V4,127,Porté mariée,x,,,,,,,,,,,,,127 Porté mariée.gif,https://pub-e9db5024dff64a89897b25c9ea2a0d59.r2.dev/127 Porté mariée.gif,https://pub-e9db5024dff64a89897b25c9ea2a0d59.r2.dev/127 Porté mariée.gif
Cours 24 : Portés V5,128,Balançoire,X,,,,,,,,,,,,,128 Balançoire.gif,https://pub-e9db5024dff64a89897b25c9ea2a0d59.r2.dev/128 Balançoire.gif,https://pub-e9db5024dff64a89897b25c9ea2a0d59.r2.dev/128 Balançoire.gif
,,,,,,,,,,,,,,,,,,
Cours 25 : Espagnoles V2,,Cours 25 : Espagnoles V2,,,,,,,,,,,,,,,,
Cours 25 : Espagnoles V3,129,Double espagnole V1,x,,,,,,,,,,,,Vu un équivalent en rock à 3,129 Double espagnole V1.gif,https://pub-e9db5024dff64a89897b25c9ea2a0d59.r2.dev/129 Double espagnole V1.gif,https://pub-e9db5024dff64a89897b25c9ea2a0d59.r2.dev/129 Double espagnole V1.gif
Cours 25 : Espagnoles V4,130,Double  espagnole V2,x,,,,,,,,,,,,Jamais vu chez nous,130 Double espagnole V2.gif,https://pub-e9db5024dff64a89897b25c9ea2a0d59.r2.dev/130 Double espagnole V2.gif,https://pub-e9db5024dff64a89897b25c9ea2a0d59.r2.dev/130 Double espagnole V2.gif
Cours 25 : Espagnoles V5,131,Femme enceinte ,x,,,,,,,,,,,,Jamais vu chez nous,131 Femme enceinte.gif,https://pub-e9db5024dff64a89897b25c9ea2a0d59.r2.dev/131 Femme enceinte.gif,https://pub-e9db5024dff64a89897b25c9ea2a0d59.r2.dev/131 Femme enceinte.gif
Cours 25 : Espagnoles V6,132,Tombé espagnole,x,,,,,,,,,,,,,132 Tombé espagnole.gif,https://pub-e9db5024dff64a89897b25c9ea2a0d59.r2.dev/132 Tombé espagnole.gif,https://pub-e9db5024dff64a89897b25c9ea2a0d59.r2.dev/132 Tombé espagnole.gif
Cours 25 : Espagnoles V7,133,Tombé sur la hanche,x,,,,,,,,,,,,,133 Tombé sur la hanche.gif,https://pub-e9db5024dff64a89897b25c9ea2a0d59.r2.dev/133 Tombé sur la hanche.gif,https://pub-e9db5024dff64a89897b25c9ea2a0d59.r2.dev/133 Tombé sur la hanche.gif
,,,,,,,,,,,,,,,,,,
Cours 26 : Balades V3,,Cours 26 : Balades V3,,,,,,,,,,,,,,,,
Cours 26 : Balades V4,134,Balade Tango,x,,,,,,,,,,,,,134 Balade Tango.gif,https://pub-e9db5024dff64a89897b25c9ea2a0d59.r2.dev/134 Balade Tango.gif,https://pub-e9db5024dff64a89897b25c9ea2a0d59.r2.dev/134 Balade Tango.gif
Cours 26 : Balades V5,135,Balade lapin,x,,,,,,,,,,,,,135 Balade lapin.gif,https://pub-e9db5024dff64a89897b25c9ea2a0d59.r2.dev/135 Balade lapin.gif,https://pub-e9db5024dff64a89897b25c9ea2a0d59.r2.dev/135 Balade lapin.gif
Cours 26 : Balades V6,136,Mains croisées dans le dos,,,,,,,,,,,,Vidéo non tournée,,,,
Cours 26 : Balades V7,137,tombé mains parallèles,x,,,,,,,,,,,,Les rondés appris en Wcs avec Nath, mais amenés en rock,137 Tombé mains parallèles.gif,https://pub-e9db5024dff64a89897b25c9ea2a0d59.r2.dev/137 Tombé mains parallèles.gif,https://pub-e9db5024dff64a89897b25c9ea2a0d59.r2.dev/137 Tombé mains parallèles.gif
Cours 26 : Balades V8,138,tombé mains croisées,x,,,,,,,,,,,,,138 Tombé mains croisées.gif,https://pub-e9db5024dff64a89897b25c9ea2a0d59.r2.dev/138 Tombé mains croisées.gif,https://pub-e9db5024dff64a89897b25c9ea2a0d59.r2.dev/138 Tombé mains croisées.gif
,,,,,,,,,,,,,,,,,,
Cours 27 : Whip,,Cours 27 : Whip,,,,,,,,,,,,,,,,
Cours 27 : Whip,139,Whip simple,x,,,,,,,,,,,,Exclusivement en Wcs,139 Whip simple.gif,https://pub-e9db5024dff64a89897b25c9ea2a0d59.r2.dev/139 Whip simple.gif,https://pub-e9db5024dff64a89897b25c9ea2a0d59.r2.dev/139 Whip simple.gif
Cours 27 : Whip,140,Whip basket ,x,,,,,,,,,,,,Idem,140 Whip basket.gif,https://pub-e9db5024dff64a89897b25c9ea2a0d59.r2.dev/140 Whip basket.gif,https://pub-e9db5024dff64a89897b25c9ea2a0d59.r2.dev/140 Whip basket.gif
Cours 27 : Whip,141,Combinaison de tours en + des whips,,,,,,,,,,,,Vidéo non tournée,Idem,,,
Cours 27 : Whip,142,Enroulé puis whip à la taille,x,,,,,,,,,,,,Idem,142 Enroulé puis whip à la taille.gif,https://pub-e9db5024dff64a89897b25c9ea2a0d59.r2.dev/142 Enroulé puis whip à la taille.gif,https://pub-e9db5024dff64a89897b25c9ea2a0d59.r2.dev/142 Enroulé puis whip à la taille.gif
Cours 27 : Whip,143,Whip épaule,x,,,,,,,,,,,,,143 Whip épaule.gif,https://pub-e9db5024dff64a89897b25c9ea2a0d59.r2.dev/143 Whip épaule.gif,https://pub-e9db5024dff64a89897b25c9ea2a0d59.r2.dev/143 Whip épaule.gif
Cours 27 : Whip,144,Traversé MD MD envoie au bras ,x,,,,,,,,,,,,,144 Traversé MD MD envoie au bras.gif,https://pub-e9db5024dff64a89897b25c9ea2a0d59.r2.dev/144 Traversé MD MD envoie au bras.gif,https://pub-e9db5024dff64a89897b25c9ea2a0d59.r2.dev/144 Traversé MD MD envoie au bras.gif
Cours 27 : Whip,145,whip dans le dos retenu au ventre,x,,,,,,,,,,,,,145 whip dans le dos retenu au ventre.gif,https://pub-e9db5024dff64a89897b25c9ea2a0d59.r2.dev/145 whip dans le dos retenu au ventre.gif,https://pub-e9db5024dff64a89897b25c9ea2a0d59.r2.dev/145 whip dans le dos retenu au ventre.gif
,,,,,,,,,,,,,,,,,,
Cours 28 : Catapultes V2,,Cours 28 : Catapultes V2,,,,,,,,,,,,,,,,
Cours 28 : Catapultes V3,146,Catapulte tombé sous les bras,x,,,,,,,,,,,,,146 Catapulte tombé sous les bras.gif,https://pub-e9db5024dff64a89897b25c9ea2a0d59.r2.dev/146 Catapulte tombé sous les bras.gif,https://pub-e9db5024dff64a89897b25c9ea2a0d59.r2.dev/146 Catapulte tombé sous les bras.gif
Cours 28 : Catapultes V4,147,Catapulte tombé par-dessus,x,,,,,,,,,,,,,147 Catapulte tombé par-dessus.gif,https://pub-e9db5024dff64a89897b25c9ea2a0d59.r2.dev/147 Catapulte tombé par-dessus.gif,https://pub-e9db5024dff64a89897b25c9ea2a0d59.r2.dev/147 Catapulte tombé par-dessus.gif
Cours 28 : Catapultes V5,148,Tombé dans le dos,x,,,,,,,,,,,,,148 Tombé dans le dos.gif,https://pub-e9db5024dff64a89897b25c9ea2a0d59.r2.dev/148 Tombé dans le dos.gif,https://pub-e9db5024dff64a89897b25c9ea2a0d59.r2.dev/148 Tombé dans le dos.gif
Cours 28 : Catapultes V6,149,Récupération à 2 mains,x,,,,,,,,,,,,,149 Récupération à 2 mains.gif,https://pub-e9db5024dff64a89897b25c9ea2a0d59.r2.dev/149 Récupération à 2 mains.gif,https://pub-e9db5024dff64a89897b25c9ea2a0d59.r2.dev/149 Récupération à 2 mains.gif
Cours 28 : Catapultes V7,150,Guidage à 2 mains,x,,,,,,,,,,,,,150 Guidage à 2 mains.gif,https://pub-e9db5024dff64a89897b25c9ea2a0d59.r2.dev/150 Guidage à 2 mains.gif,https://pub-e9db5024dff64a89897b25c9ea2a0d59.r2.dev/150 Guidage à 2 mains.gif
Cours 28 : Catapultes V8,151,Sortie 2 mains autour du cou devant,x,,,,,,,,,,,,,151 Sortie 2 mains autour du cou devant.gif,https://pub-e9db5024dff64a89897b25c9ea2a0d59.r2.dev/151 Sortie 2 mains autour du cou devant.gif,https://pub-e9db5024dff64a89897b25c9ea2a0d59.r2.dev/151 Sortie 2 mains autour du cou devant.gif
Cours 28 : Catapultes V9,152,,x,,2 mains sortie autour du cou derrière ,,,,,,,,,Vidéo non tournée,,151 Sortie 2 mains autour du cou devant.gif,https://pub-e9db5024dff64a89897b25c9ea2a0d59.r2.dev/151 Sortie 2 mains autour du cou devant.gif,https://pub-e9db5024dff64a89897b25c9ea2a0d59.r2.dev/151 Sortie 2 mains autour du cou devant.gif
Cours 28 : Catapultes V10,153,Sortie 2 mains tombé pont,x,,,,,,,,,,,,Jamais vu chez nous,153 Sortie 2 mains tombé pont.gif,https://pub-e9db5024dff64a89897b25c9ea2a0d59.r2.dev/153 Sortie 2 mains tombé pont.gif,https://pub-e9db5024dff64a89897b25c9ea2a0d59.r2.dev/153 Sortie 2 mains tombé pont.gif
,,,,,,,,,,,,,,,,,,
Cours 29 : Hésitations,,Cours 29 : Hésitations,,,,,,,,,,,,,,,,
Cours 29 : Hésitations,154,Hésitations face en couple,x,,,,,,,,,,,,,154 Hésitations face en couple.gif,https://pub-e9db5024dff64a89897b25c9ea2a0d59.r2.dev/154 Hésitations face en couple.gif,https://pub-e9db5024dff64a89897b25c9ea2a0d59.r2.dev/154 Hésitations face en couple.gif
Cours 29 : Hésitations,155,Hésitations face mains parallèles,x,,,,,,,,,,,,,155 Hésitations face mains parallèles.gif,https://pub-e9db5024dff64a89897b25c9ea2a0d59.r2.dev/155 Hésitations face mains parallèles.gif,https://pub-e9db5024dff64a89897b25c9ea2a0d59.r2.dev/155 Hésitations face mains parallèles.gif
Cours 29 : Hésitations,156,Hésitations face MG MD,x,,,,,,,,,,,,,156 Hésitations face MG MD.gif,https://pub-e9db5024dff64a89897b25c9ea2a0d59.r2.dev/156 Hésitations face MG MD.gif,https://pub-e9db5024dff64a89897b25c9ea2a0d59.r2.dev/156 Hésitations face MG MD.gif
Cours 29 : Hésitations,157,Hésitations face mains croisées,x,,,,,,,,,,,,,157 Hésitations face mains croisées.gif,https://pub-e9db5024dff64a89897b25c9ea2a0d59.r2.dev/157 Hésitations face mains croisées.gif,https://pub-e9db5024dff64a89897b25c9ea2a0d59.r2.dev/157 Hésitations face mains croisées.gif
Cours 29 : Hésitations,158,Hésitations MD MD fille de dos,x,,,,,,,,,,,,,158 Hésitations MD MD fille de dos.gif,https://pub-e9db5024dff64a89897b25c9ea2a0d59.r2.dev/158 Hésitations MD MD fille de dos.gif,https://pub-e9db5024dff64a89897b25c9ea2a0d59.r2.dev/158 Hésitations MD MD fille de dos.gif
Cours 29 : Hésitations,159,Hésitations prise aux coudes,x,,,,,,,,,,,,,159 Hésitations prise aux coudes.gif,https://pub-e9db5024dff64a89897b25c9ea2a0d59.r2.dev/159 Hésitations prise aux coudes.gif,https://pub-e9db5024dff64a89897b25c9ea2a0d59.r2.dev/159 Hésitations prise aux coudes.gif
,,,,,,,,,,,,,,,,,,
Cours 30 : Guider autrement,,Cours 30 : Guider autrement,,,,,,,,,,,,,,,,
Cours 30 : Guider autrement,160,Croche MG,x,,,,,,,,,,,,,160 Croche MG.gif,https://pub-e9db5024dff64a89897b25c9ea2a0d59.r2.dev/160 Croche MG.gif,https://pub-e9db5024dff64a89897b25c9ea2a0d59.r2.dev/160 Croche MG.gif
Cours 30 : Guider autrement,161,Croche MD,x,,,,,,,,,,,,,161 Croche MD.gif,https://pub-e9db5024dff64a89897b25c9ea2a0d59.r2.dev/161 Croche MD.gif,https://pub-e9db5024dff64a89897b25c9ea2a0d59.r2.dev/161 Croche MD.gif
Cours 30 : Guider autrement,162,Compas,x,,,,,,,,,,,,On le nomme le lasso,162 Compas.gif,https://pub-e9db5024dff64a89897b25c9ea2a0d59.r2.dev/162 Compas.gif,https://pub-e9db5024dff64a89897b25c9ea2a0d59.r2.dev/162 Compas.gif
Cours 30 : Guider autrement,163,Toupie,x,,,,,,,,,,,,Illusion turn, exclusivement en Wcs,163 Toupie.gif,https://pub-e9db5024dff64a89897b25c9ea2a0d59.r2.dev/163 Toupie.gif,https://pub-e9db5024dff64a89897b25c9ea2a0d59.r2.dev/163 Toupie.gif
Cours 30 : Guider autrement,164,Tours autour du garçon,x,,,,,,,,,,,,,164 Tours autour du garçon.gif,https://pub-e9db5024dff64a89897b25c9ea2a0d59.r2.dev/164 Tours autour du garçon.gif,https://pub-e9db5024dff64a89897b25c9ea2a0d59.r2.dev/164 Tours autour du garçon.gif
Cours 30 : Guider autrement,165,Feinte de nœud,x,,,,,,,,,,,,,164 Tours autour du garçon.gif,https://pub-e9db5024dff64a89897b25c9ea2a0d59.r2.dev/164 Tours autour du garçon.gif,https://pub-e9db5024dff64a89897b25c9ea2a0d59.r2.dev/164 Tours autour du garçon.gif
Cours 30 : Guider autrement,166,Illusions déboulés tours forcés,x,,,,,,,,,,,,,166 Illusions déboulés tours forcés.gif,https://pub-e9db5024dff64a89897b25c9ea2a0d59.r2.dev/166 Illusions déboulés tours forcés.gif,https://pub-e9db5024dff64a89897b25c9ea2a0d59.r2.dev/166 Illusions déboulés tours forcés.gif
,,,,,,,,,,,,,,,,,,
Cours 31 : Feintes et styling,,Cours 31 : Feintes et styling,,,,,,,,,,,,,,,,
Cours 31 : Feintes et styling,167,Glissade sous le bras corbeille,x,,,,,,,,,,,,,167 Glissade sous le bras corbeille.gif,https://pub-e9db5024dff64a89897b25c9ea2a0d59.r2.dev/167 Glissade sous le bras corbeille.gif,https://pub-e9db5024dff64a89897b25c9ea2a0d59.r2.dev/167 Glissade sous le bras corbeille.gif
Cours 31 : Feintes et styling,168,Feinte de tombé,,,,,,,,,,,,,,,,
Cours 31 : Feintes et styling,169,Styling cavalier tour vers la gauche,,,,,,,,,,,,,,,,
Cours 31 : Feintes et styling,170,Styling cavalier tour vers la droite,,,,,,,,,,,,,,,,
Cours 31 : Feintes et styling,171,Styling cavalier, limbo sous le bras,,,,,,,,,,,,,,,,
Cours 31 : Feintes et styling,172,Styling cavalier, double solo,,,,,,,,,,,,,,,,
Cours 31 : Feintes et styling,173,Cavalier tombe en arrière,,,,,,,,,,,,,,,,
Cours 31 : Feintes et styling,174,Cavalière part et revient ,,,,,,,,,,,,,,,,
Cours 31 : Feintes et styling,175,Drop seul,,,,,,,,,,,,,,,,
Cours 31 : Feintes et styling,176,Vagues,,,,,,,,,,,,,,,,
Cours 31 : Feintes et styling,177,Tombé à gauche avec vagues,x,,,,,,,,,,,Tombé à gauche avant bras sous les bras vague coude sur ventre,Vu sur des vidéos de Wcs,177 Tombé à gauche avec vagues.gif,https://pub-e9db5024dff64a89897b25c9ea2a0d59.r2.dev/177 Tombé à gauche avec vagues.gif,https://pub-e9db5024dff64a89897b25c9ea2a0d59.r2.dev/177 Tombé à gauche avec vagues.gif
Cours 31 : Feintes et styling,178,Head - hear rolls,x,,,,,,,,,,,,,178 Head - hear rolls.gif,https://pub-e9db5024dff64a89897b25c9ea2a0d59.r2.dev/178 Head - hear rolls.gif,https://pub-e9db5024dff64a89897b25c9ea2a0d59.r2.dev/178 Head - hear rolls.gif
,,,,,,,,,,,,,,,,,,
Cours 32 : Jeux de bras ,,Cours 32 : Jeux de bras ,,,,,,,,,,,,,,,,
Cours 32 : Jeux de bras ,179,MD MD doigt au coude,x,,,,,,,,,,,,,179 MD MD doigt au coude.gif,https://pub-e9db5024dff64a89897b25c9ea2a0d59.r2.dev/179 MD MD doigt au coude.gif,https://pub-e9db5024dff64a89897b25c9ea2a0d59.r2.dev/179 MD MD doigt au coude.gif
Cours 32 : Jeux de bras ,180,Envoi au coude,x,,,,,,,,,,,,,180 Envoi au coude.gif,https://pub-e9db5024dff64a89897b25c9ea2a0d59.r2.dev/180 Envoi au coude.gif,https://pub-e9db5024dff64a89897b25c9ea2a0d59.r2.dev/180 Envoi au coude.gif
Cours 32 : Jeux de bras ,181,MD MD doigt aux coudes sortie arrière,x,,,,,,,,,,,,,181 MD MD doigt aux coudes sortie arrière.gif,https://pub-e9db5024dff64a89897b25c9ea2a0d59.r2.dev/181 MD MD doigt aux coudes sortie arrière.gif,https://pub-e9db5024dff64a89897b25c9ea2a0d59.r2.dev/181 MD MD doigt aux coudes sortie arrière.gif
Cours 32 : Jeux de bras ,182,Mains croisées sortie face doigts aux coudes,x,,,,,,,,,,,,,182 Mains croisées sortie face doigts aux coudes.gif,https://pub-e9db5024dff64a89897b25c9ea2a0d59.r2.dev/182 Mains croisées sortie face doigts aux coudes.gif,https://pub-e9db5024dff64a89897b25c9ea2a0d59.r2.dev/182 Mains croisées sortie face doigts aux coudes.gif
Cours 32 : Jeux de bras ,183,Mains croisées doigts aux coudes sortie dos,x,,,,,,,,,,,,,183 Mains croisées doigts aux coudes sortie dos.gif,https://pub-e9db5024dff64a89897b25c9ea2a0d59.r2.dev/183 Mains croisées doigts aux coudes sortie dos.gif,https://pub-e9db5024dff64a89897b25c9ea2a0d59.r2.dev/183 Mains croisées doigts aux coudes sortie dos.gif
Cours 32 : Jeux de bras ,184,Mains croisées 1 tour de plus V1,x,,,,,,,,,,,,,184 Mains croisées 1 tour de plus V1.gif,https://pub-e9db5024dff64a89897b25c9ea2a0d59.r2.dev/184 Mains croisées 1 tour de plus V1.gif,https://pub-e9db5024dff64a89897b25c9ea2a0d59.r2.dev/184 Mains croisées 1 tour de plus V1.gif
Cours 32 : Jeux de bras ,185,Mains croisées 1 tour de plus V2,x,,,,,,,,,,,,,185 Mains croisées 1 tour de plus V2.gif,https://pub-e9db5024dff64a89897b25c9ea2a0d59.r2.dev/185 Mains croisées 1 tour de plus V2.gif,https://pub-e9db5024dff64a89897b25c9ea2a0d59.r2.dev/185 Mains croisées 1 tour de plus V2.gif
Cours 32 : Jeux de bras ,186,Panier enroulé 1 tour de plus V3,,,,,,,,,,,,manque le gif,,,,
Cours 32 : Jeux de bras ,187,1 main tombé près du corps ( tombé hirondelle ) ,,,,,,,,,,,,,,,,
,,,,,,,,,,,,,,,,,,
Cours 33 : Nuques, épaules/épaules,,Cours 33 : Nuques, épaules/épaules,,,,,,,,,,,,,,,,
Cours 33 : Nuques, épaules/épaules,188,Tour épaule duck ,x,,,,,,,,,,,,Duck, uniquement en Wcs,188 Tour épaule duck.gif,https://pub-e9db5024dff64a89897b25c9ea2a0d59.r2.dev/188 Tour épaule duck.gif,https://pub-e9db5024dff64a89897b25c9ea2a0d59.r2.dev/188 Tour épaule duck.gif
Cours 33 : Nuques, épaules/épaules,189,Tours intérieurs puis nuque,x,,,,,,,,,,,,Idem,189 Tours intérieurs puis nuque.gif,https://pub-e9db5024dff64a89897b25c9ea2a0d59.r2.dev/189 Tours intérieurs puis nuque.gif,https://pub-e9db5024dff64a89897b25c9ea2a0d59.r2.dev/189 Tours intérieurs puis nuque.gif
Cours 33 : Nuques, épaules/épaules,190,Panier épaule duck,,,,,,,,,,,,,,,,
Cours 33 : Nuques, épaules/épaules,191,Câlin passage des coudes garçon au-dessus,x,,,,,,,,,,,,Typiquement le genre de passe à Sam,191 Câlin passage des coudes garçon au-dessus.gif,https://pub-e9db5024dff64a89897b25c9ea2a0d59.r2.dev/191 Câlin passage des coudes garçon au-dessus.gif,https://pub-e9db5024dff64a89897b25c9ea2a0d59.r2.dev/191 Câlin passage des coudes garçon au-dessus.gif
Cours 33 : Nuques, épaules/épaules,192,épaule épaule envoi bras droit cavalière ,x,,,,,,,,,,,inverser miniature ?,,192 épaule épaule envoi bras droit cavalière.gif,https://pub-e9db5024dff64a89897b25c9ea2a0d59.r2.dev/192 épaule épaule envoi bras droit cavalière.gif,https://pub-e9db5024dff64a89897b25c9ea2a0d59.r2.dev/192 épaule épaule envoi bras droit cavalière.gif
Cours 33 : Nuques, épaules/épaules,193,Tombé jambe au sol,x,,,,,,,,,,,,,193 Tombé jambe au sol.gif,https://pub-e9db5024dff64a89897b25c9ea2a0d59.r2.dev/193 Tombé jambe au sol.gif,https://pub-e9db5024dff64a89897b25c9ea2a0d59.r2.dev/193 Tombé jambe au sol.gif
,,,,,,,,,,,,,,,,,,
Cours 34 : Penchés,,Cours 34 : Penchés,,,,,,,,,,,,,,,,
Cours 34 : Penchés,194,Penché autour du cou du garçon,x,,,,,,,,,,,,,194 Penché autour du cou du garçon.gif,https://pub-e9db5024dff64a89897b25c9ea2a0d59.r2.dev/194 Penché autour du cou du garçon.gif,https://pub-e9db5024dff64a89897b25c9ea2a0d59.r2.dev/194 Penché autour du cou du garçon.gif
Cours 34 : Penchés,195,Penché pompe pour la fille,x,,,,,,,,,,,,Vu sur vidéo de Boogie,195 Penché pompe pour la fille.gif,https://pub-e9db5024dff64a89897b25c9ea2a0d59.r2.dev/195 Penché pompe pour la fille.gif,https://pub-e9db5024dff64a89897b25c9ea2a0d59.r2.dev/195 Penché pompe pour la fille.gif
Cours 34 : Penchés,196,Penché sur le dos du garçon,x,,,,,,,,,,,,Jamais vu chez nous,196 Penché sur le dos du garçon.gif,https://pub-e9db5024dff64a89897b25c9ea2a0d59.r2.dev/196 Penché sur le dos du garçon.gif,https://pub-e9db5024dff64a89897b25c9ea2a0d59.r2.dev/196 Penché sur le dos du garçon.gif
Cours 34 : Penchés,197,Penché panier inversé,x,,,,,,,,,,,,,197 Penché panier inversé.gif,https://pub-e9db5024dff64a89897b25c9ea2a0d59.r2.dev/197 Penché panier inversé.gif,https://pub-e9db5024dff64a89897b25c9ea2a0d59.r2.dev/197 Penché panier inversé.gif
Cours 34 : Penchés,198,Titanic sous le bras,x,,,,,,,,,,,,,198 Titanic sous le bras.gif,https://pub-e9db5024dff64a89897b25c9ea2a0d59.r2.dev/198 Titanic sous le bras.gif,https://pub-e9db5024dff64a89897b25c9ea2a0d59.r2.dev/198 Titanic sous le bras.gif
Cours 34 : Penchés,199,Penché Tango,x,,,,,,,,,,,,,199 Penché Tango.gif,https://pub-e9db5024dff64a89897b25c9ea2a0d59.r2.dev/199 Penché Tango.gif,https://pub-e9db5024dff64a89897b25c9ea2a0d59.r2.dev/199 Penché Tango.gif
Cours 34 : Penchés,200,Penché fille croise la jambe devant,x,,,,,,,,,,,,,200 Penché fille croise la jambe devant.gif,https://pub-e9db5024dff64a89897b25c9ea2a0d59.r2.dev/200 Penché fille croise la jambe devant.gif,https://pub-e9db5024dff64a89897b25c9ea2a0d59.r2.dev/200 Penché fille croise la jambe devant.gif
,,,,,,,,,,,,,,,,,,
Cours 35 : Tombés,,Cours 35 : Tombés,,,,,,,,,,,,,,,,
Cours 35 : Tombés,201,Tombé corbeille,x,,,,,,,,,,,,,201 Tombé corbeille.gif,https://pub-e9db5024dff64a89897b25c9ea2a0d59.r2.dev/201 Tombé corbeille.gif,https://pub-e9db5024dff64a89897b25c9ea2a0d59.r2.dev/201 Tombé corbeille.gif
Cours 35 : Tombés,202,Corbeille passage par-dessus la fille,x,,,,,,,,,,,,,202 Corbeille passage par-dessus la fille.gif,https://pub-e9db5024dff64a89897b25c9ea2a0d59.r2.dev/202 Corbeille passage par-dessus la fille.gif,https://pub-e9db5024dff64a89897b25c9ea2a0d59.r2.dev/202 Corbeille passage par-dessus la fille.gif
Cours 35 : Tombés,203,Tombé papillon vers l_avant,x,,,,,,,,,,,,,203 Tombé papillon vers l_avant.gif,https://pub-e9db5024dff64a89897b25c9ea2a0d59.r2.dev/203 Tombé papillon vers l_avant.gif,https://pub-e9db5024dff64a89897b25c9ea2a0d59.r2.dev/203 Tombé papillon vers l_avant.gif
Cours 35 : Tombés,204,Crochet,x,,,,,,,,,,,,,204 Crochet.gif,https://pub-e9db5024dff64a89897b25c9ea2a0d59.r2.dev/204 Crochet.gif,https://pub-e9db5024dff64a89897b25c9ea2a0d59.r2.dev/204 Crochet.gif
Cours 35 : Tombés,205,Crochet 2 tours,x,,,,,,,,,,,,,205 Crochet 2 tours.gif,https://pub-e9db5024dff64a89897b25c9ea2a0d59.r2.dev/205 Crochet 2 tours.gif,https://pub-e9db5024dff64a89897b25c9ea2a0d59.r2.dev/205 Crochet 2 tours.gif
Cours 35 : Tombés,206,Billet sous le tapis,x,,,,,,,,,,,,,206 Billet sous le tapis.gif,https://pub-e9db5024dff64a89897b25c9ea2a0d59.r2.dev/206 Billet sous le tapis.gif,https://pub-e9db5024dff64a89897b25c9ea2a0d59.r2.dev/206 Billet sous le tapis.gif
Cours 35 : Tombés,207,Tombé Bachata,x,,,,,,,,,,,,,207 Tombé Bachata.gif,https://pub-e9db5024dff64a89897b25c9ea2a0d59.r2.dev/207 Tombé Bachata.gif,https://pub-e9db5024dff64a89897b25c9ea2a0d59.r2.dev/207 Tombé Bachata.gif
Cours 35 : Tombés,208,Sur la cuisse en arrière,,,,,,,,,,,,Vidéo non tournée,,,,
Cours 35 : Tombés,209,Double tombé,,,,,,,,,,,,Vidéo non tournée,,,,
Cours 35 : Tombés,210,Tombé sur la cuisse en arrière, sortie sous le bras du cavalier,,,,,,,,,,,,Vidéo non tournée,,,,
Cours 35 : Tombés,211,Tombé lateral sous les bras,x,,,,,,,,,,,,,207 Tombé Bachata.gif,https://pub-e9db5024dff64a89897b25c9ea2a0d59.r2.dev/207 Tombé Bachata.gif,https://pub-e9db5024dff64a89897b25c9ea2a0d59.r2.dev/207 Tombé Bachata.gif
Cours 35 : Tombés,212,Tombé face au sol sous les bras,x,,,,,,,,,,,GIF A REFAIRE,,212 Tombé face au sol sous les bras.gif,https://pub-e9db5024dff64a89897b25c9ea2a0d59.r2.dev/212 Tombé face au sol sous les bras.gif,https://pub-e9db5024dff64a89897b25c9ea2a0d59.r2.dev/212 Tombé face au sol sous les bras.gif
,,,,,,,,,,,,,,,,,,
Cours 36 : Tombés rotatifs,,Cours 36 : Tombés rotatifs,,,,,,,,,,,,,,,,
Cours 36 : Tombés rotatifs,213,Titanic rotatif,x,,,,,,,,,,,,,213 Titanic rotatif.gif,https://pub-e9db5024dff64a89897b25c9ea2a0d59.r2.dev/213 Titanic rotatif.gif,https://pub-e9db5024dff64a89897b25c9ea2a0d59.r2.dev/213 Titanic rotatif.gif
Cours 36 : Tombés rotatifs,214,Penché rotatif mains parallèles,x,,,,,,,,,,,,Vu sur vidéo de Boogie,214 Penché rotatif mains parallèles.gif,https://pub-e9db5024dff64a89897b25c9ea2a0d59.r2.dev/214 Penché rotatif mains parallèles.gif,https://pub-e9db5024dff64a89897b25c9ea2a0d59.r2.dev/214 Penché rotatif mains parallèles.gif
Cours 36 : Tombés rotatifs,215,Penché rotatif mains croisées,x,,,,,,,,,,,,,215 Penché rotatif mains croisées.gif,https://pub-e9db5024dff64a89897b25c9ea2a0d59.r2.dev/215 Penché rotatif mains croisées.gif,https://pub-e9db5024dff64a89897b25c9ea2a0d59.r2.dev/215 Penché rotatif mains croisées.gif
Cours 36 : Tombés rotatifs,216,Tombé renversé sur ligne danseur,x,,,,,,,,,,,,,216 Tombé renversé sur ligne danseur.gif,https://pub-e9db5024dff64a89897b25c9ea2a0d59.r2.dev/216 Tombé renversé sur ligne danseur.gif,https://pub-e9db5024dff64a89897b25c9ea2a0d59.r2.dev/216 Tombé renversé sur ligne danseur.gif
,,,,,,,,,,,,,,,,,,
Cours 37 : Portés V2,,Cours 37 : Portés V2,,,,,,,,,,,,,,,,
Cours 37 : Portés V3,217,Tombé fille relevée au-dessus de ses épaules,x,,,,,,,,,,,,,217 Tombé fille relevée au-dessus de ses épaules.gif,https://pub-e9db5024dff64a89897b25c9ea2a0d59.r2.dev/217 Tombé fille relevée au-dessus de ses épaules.gif,https://pub-e9db5024dff64a89897b25c9ea2a0d59.r2.dev/217 Tombé fille relevée au-dessus de ses épaules.gif
Cours 37 : Portés V4,218,Tombé jambes filles levées,x,,,,,,,,,,,,,218 Tombé jambes filles levées.gif,https://pub-e9db5024dff64a89897b25c9ea2a0d59.r2.dev/218 Tombé jambes filles levées.gif,https://pub-e9db5024dff64a89897b25c9ea2a0d59.r2.dev/218 Tombé jambes filles levées.gif
Cours 37 : Portés V5,219,Tombé jambes filles levées tenu,x,,,,,,,,,,,Vidéo à reprendre : on ne lâche pas les mains,,219 Tombé jambes filles levées tenu.gif,https://pub-e9db5024dff64a89897b25c9ea2a0d59.r2.dev/219 Tombé jambes filles levées tenu.gif,https://pub-e9db5024dff64a89897b25c9ea2a0d59.r2.dev/219 Tombé jambes filles levées tenu.gif
Cours 37 : Portés V6,220,Décalé puis assise sur genoux,x,,,,,,,,,,,,Jamais vu chez nous,220 Décalé puis assise sur genoux.gif,https://pub-e9db5024dff64a89897b25c9ea2a0d59.r2.dev/220 Décalé puis assise sur genoux.gif,https://pub-e9db5024dff64a89897b25c9ea2a0d59.r2.dev/220 Décalé puis assise sur genoux.gif
Cours 37 : Portés V7,221,Poisson,X,,,,,,,,,,,,,221 Poisson.gif,https://pub-e9db5024dff64a89897b25c9ea2a0d59.r2.dev/221 Poisson.gif,https://pub-e9db5024dff64a89897b25c9ea2a0d59.r2.dev/221 Poisson.gif
Cours 37 : Portés V8,222,Porté arabesque,x,,,,,,,,,,,,,222 Porté arabesque.gif,https://pub-e9db5024dff64a89897b25c9ea2a0d59.r2.dev/222 Porté arabesque.gif,https://pub-e9db5024dff64a89897b25c9ea2a0d59.r2.dev/222 Porté arabesque.gif
Cours 37 : Portés V9,223,Dauphin,x,,,,,,,,,,,,,223 Dauphin.gif,https://pub-e9db5024dff64a89897b25c9ea2a0d59.r2.dev/223 Dauphin.gif,https://pub-e9db5024dff64a89897b25c9ea2a0d59.r2.dev/223 Dauphin.gif
Cours 37 : Portés V10,224,Fil rouge,x,,,,,,,,,,,,Jamais vu chez nous ,224 Fil rouge.gif,https://pub-e9db5024dff64a89897b25c9ea2a0d59.r2.dev/224 Fil rouge.gif,https://pub-e9db5024dff64a89897b25c9ea2a0d59.r2.dev/224 Fil rouge.gif
,,,,,,,,,,,,,,,,,,
Cours 38 : Portés V3,,Cours 38 : Portés V3,,,,,,,,,,,,,,,,
Cours 38 : Portés V4,225,Tibias sur la cuisse,x,,,,,,,,,,,,,225 Tibias sur la cuisse.gif,https://pub-e9db5024dff64a89897b25c9ea2a0d59.r2.dev/225 Tibias sur la cuisse.gif,https://pub-e9db5024dff64a89897b25c9ea2a0d59.r2.dev/225 Tibias sur la cuisse.gif
Cours 38 : Portés V5,226,Cavalière assise flamand rose,x,,,,,,,,,,,,,226 Cavalière assise flamand rose.gif,https://pub-e9db5024dff64a89897b25c9ea2a0d59.r2.dev/226 Cavalière assise flamand rose.gif,https://pub-e9db5024dff64a89897b25c9ea2a0d59.r2.dev/226 Cavalière assise flamand rose.gif
Cours 38 : Portés V6,227,Ciseaux,x,,,,,,,,,,,,,227 Ciseaux.gif,https://pub-e9db5024dff64a89897b25c9ea2a0d59.r2.dev/227 Ciseaux.gif,https://pub-e9db5024dff64a89897b25c9ea2a0d59.r2.dev/227 Ciseaux.gif
Cours 38 : Portés V7,228,Saut groupé d_un côté à l_autre,x,,,,,,,,,,,,,228 Saut groupé d_un côté à l_autre.gif,https://pub-e9db5024dff64a89897b25c9ea2a0d59.r2.dev/228 Saut groupé d_un côté à l_autre.gif,https://pub-e9db5024dff64a89897b25c9ea2a0d59.r2.dev/228 Saut groupé d_un côté à l_autre.gif
Cours 38 : Portés V8,229,bis Marché lunaire en cercle,x,,,,,,,,,,,,Vu sur vidéo de Boogie,229 Marché lunaire en ligne.gif,https://pub-e9db5024dff64a89897b25c9ea2a0d59.r2.dev/229 Marché lunaire en ligne.gif,https://pub-e9db5024dff64a89897b25c9ea2a0d59.r2.dev/229 Marché lunaire en ligne.gif
Cours 38 : Portés V9,229,Marché lunaire en ligne,x,,,,,,,,,,,,,229 Marché lunaire en ligne.gif,https://pub-e9db5024dff64a89897b25c9ea2a0d59.r2.dev/229 Marché lunaire en ligne.gif,https://pub-e9db5024dff64a89897b25c9ea2a0d59.r2.dev/229 Marché lunaire en ligne.gif
Cours 38 : Portés V10,230,Air France 4 mains,x,,,,,,,,,,,,Vu sur vidéo Wcs,230 Air France 4 mains.gif,https://pub-e9db5024dff64a89897b25c9ea2a0d59.r2.dev/230 Air France 4 mains.gif,https://pub-e9db5024dff64a89897b25c9ea2a0d59.r2.dev/230 Air France 4 mains.gif
Cours 38 : Portés V11,231,Air France 2 mains,x,,,,,,,,,,,,,231 Air France 2 mains.gif,https://pub-e9db5024dff64a89897b25c9ea2a0d59.r2.dev/231 Air France 2 mains.gif,https://pub-e9db5024dff64a89897b25c9ea2a0d59.r2.dev/231 Air France 2 mains.gif
,,,,,,,,,,,,,,,,,,
Cours 39 : Acrobatiques,,Cours 39 : Acrobatiques,,,,,,,,,,,,,,,,
Cours 39 : Acrobatiques,232,Porté pied au genou,x,,,,,,,,,,,,Jamais vu,232 Porté pied au genou.gif,https://pub-e9db5024dff64a89897b25c9ea2a0d59.r2.dev/232 Porté pied au genou.gif,https://pub-e9db5024dff64a89897b25c9ea2a0d59.r2.dev/232 Porté pied au genou.gif
Cours 39 : Acrobatiques,233,Demi tour du monde,x,,,,,,,,,,,,,233 Demi tour du monde.gif,https://pub-e9db5024dff64a89897b25c9ea2a0d59.r2.dev/233 Demi tour du monde.gif,https://pub-e9db5024dff64a89897b25c9ea2a0d59.r2.dev/233 Demi tour du monde.gif
Cours 39 : Acrobatiques,234,Tour du monde,x,,,,,,,,,,,,,234 Tour du monde.gif,https://pub-e9db5024dff64a89897b25c9ea2a0d59.r2.dev/234 Tour du monde.gif,https://pub-e9db5024dff64a89897b25c9ea2a0d59.r2.dev/234 Tour du monde.gif
Cours 39 : Acrobatiques,235,Mains 2 coudes sur le dos,x,,,,,,,,,,,,,235 Mains 2 coudes sur le dos.gif,https://pub-e9db5024dff64a89897b25c9ea2a0d59.r2.dev/235 Mains 2 coudes sur le dos.gif,https://pub-e9db5024dff64a89897b25c9ea2a0d59.r2.dev/235 Mains 2 coudes sur le dos.gif
Cours 39 : Acrobatiques,236,Soleil,x,,,,,,,,,,,,,236 Soleil.gif,https://pub-e9db5024dff64a89897b25c9ea2a0d59.r2.dev/236 Soleil.gif,https://pub-e9db5024dff64a89897b25c9ea2a0d59.r2.dev/236 Soleil.gif
Cours 39 : Acrobatiques,237,Planche - Superman,x,,,,,,,,,,,,,237 Planche - Superman.gif,https://pub-e9db5024dff64a89897b25c9ea2a0d59.r2.dev/237 Planche - Superman.gif,https://pub-e9db5024dff64a89897b25c9ea2a0d59.r2.dev/237 Planche - Superman.gif
Cours 39 : Acrobatiques,238,DirtyDancing,,,,,,,,,,,,Natacha n'y arrivait pas,,,,
Cours 39 : Acrobatiques,239,Cheval simple,x,,,,,,,,,,,,,239 Cheval simple.gif,https://pub-e9db5024dff64a89897b25c9ea2a0d59.r2.dev/239 Cheval simple.gif,https://pub-e9db5024dff64a89897b25c9ea2a0d59.r2.dev/239 Cheval simple.gif
Cours 39 : Acrobatiques,240,Cheval 3*,x,,,,,,,,,,,Vidéo non tournée,,239 Cheval simple.gif,https://pub-e9db5024dff64a89897b25c9ea2a0d59.r2.dev/239 Cheval simple.gif,https://pub-e9db5024dff64a89897b25c9ea2a0d59.r2.dev/239 Cheval simple.gif
Cours 39 : Acrobatiques,241,Cheval Chandelle,,,,,,,,,,,,Vidéo à reprendre : hauteur sous plafond,,,,
Cours 39 : Acrobatiques,242,Moulinet,x,,,,,,,,,,,,,242 Moulinet.gif,https://pub-e9db5024dff64a89897b25c9ea2a0d59.r2.dev/242 Moulinet.gif,https://pub-e9db5024dff64a89897b25c9ea2a0d59.r2.dev/242 Moulinet.gif
Cours 39 : Acrobatiques,243,Déroulé en étoile,x,,,,,,,,,,,,Vu chez Adrien!  ,-),243 Déroulé en étoile.gif,https://pub-e9db5024dff64a89897b25c9ea2a0d59.r2.dev/243 Déroulé en étoile.gif,https://pub-e9db5024dff64a89897b25c9ea2a0d59.r2.dev/243 Déroulé en étoile.gif
Cours 39 : Acrobatiques,244,enroulé bras droit cou,x,,,,,,,,,,,Vidéo à retrouver,,243 Déroulé en étoile.gif,https://pub-e9db5024dff64a89897b25c9ea2a0d59.r2.dev/243 Déroulé en étoile.gif,https://pub-e9db5024dff64a89897b25c9ea2a0d59.r2.dev/243 Déroulé en étoile.gif
Cours 39 : Acrobatiques,245,titanic fin au cou,x,,,,,,,,,,,,,245 Titanic fin au cou.gif,https://pub-e9db5024dff64a89897b25c9ea2a0d59.r2.dev/245 Titanic fin au cou.gif,https://pub-e9db5024dff64a89897b25c9ea2a0d59.r2.dev/245 Titanic fin au cou.gif
Cours 39 : Acrobatiques,246,Ciseaux autour du cou,x,,,,,,,,,,,,,246 Ciseaux autour du cou.gif,https://pub-e9db5024dff64a89897b25c9ea2a0d59.r2.dev/246 Ciseaux autour du cou.gif,https://pub-e9db5024dff64a89897b25c9ea2a0d59.r2.dev/246 Ciseaux autour du cou.gif